nombre,descripcion,genero,destacado
60 Seconds! Reatomized PS4, "Aventura de supervivencia y gestión en un refugio nuclear.", Aventura, 0
A Plage Tale Innocence, "aventura narrativa en una Francia medieval asolada por la peste y la Inquisición.", Terror, 0
Ancestors The Humankind Odyssey PS4, "Aventura de supervivencia y evolución en mundo abierto.", Aventura, 0
Ancestors PS5, "Aventura de supervivencia y evolución en mundo abierto.", Aventura, 0
AO Tennis 2, "simulador realista de tenis con modo carrera personalizable.", Deportes, 0
Atomic Heart PS4, "Atomic Heart es un videojuego FPS de mundo semiabierto con algunos elementos de rol de acción. El combate en el juego consiste en disparar y pelear con armas de fuego o cuerpo a cuerpo", FPS, 0
Atomic Heart PS5, "Atomic Heart es un videojuego FPS de mundo semiabierto con algunos elementos de rol de acción. El combate en el juego consiste en disparar y pelear con armas de fuego o cuerpo a cuerpo", FPS, 0
Among Us PS4, "Juego donde debes averiguar quien es el impostor y sobrevivir. Si eres el impostor, mata a todos y gana la partida", Terror, 0
Among Us PS5, "Juego donde debes averiguar quien es el impostor y sobrevivir. Si eres el impostor, mata a todos y gana la partida", Terror, 0
A Way Out PS4, "Aventura cooperativa de escape de prisión donde dos jugadores deben trabajar juntos", Acción, 0
A Way Out PS5, "Aventura cooperativa de escape de prisión donde dos jugadores deben trabajar juntos", Acción, 0
A way out + It Takes Two PS4, "Bundle de juegos de aventura para 2 jugadores", Aventura, 0
A way out + It Takes Two PS5, "Bundle de juegos de aventura para 2 jugadores", Aventura, 0
Alien Isolation THE COLLECTION PS4, "Survival horror ambientado en el universo de Alien con contenido adicional", Terror, 0
Alien Isolation THE COLLECTION PS5, "Survival horror ambientado en el universo de Alien con contenido adicional", Terror, 0
ARK Survival Evolved PS4, "Supervivencia en mundo abierto con dinosaurios y crafting", Supervivencia, 0
ARK Survival Evolved PS5, "Supervivencia en mundo abierto con dinosaurios y crafting", Supervivencia, 0
Assassins Creed Chronicles Trilogy PS4, "Trilogia clasica de Assassins Creed", Aventura, 0
Assassins Creed Chronicles Trilogy PS5, "Trilogia clasica de Assassins Creed", Aventura, 0
Assassins Creed Rogue Remastered PS4, "Aventura de asesinos en la era colonial con mecánicas navales", Aventura, 0
Assassins Creed Rogue Remastered PS5, "Aventura de asesinos en la era colonial con mecánicas navales", Aventura, 0
Assassins Creed Triple Pack Black Flag Unity Syndicate PS4, "Tres entregas de Assassin's Creed en un solo paquete", Aventura, 0
Assassins Creed Triple Pack Black Flag Unity Syndicate PS5, "Tres entregas de Assassin's Creed en un solo paquete", Aventura, 0
Assassins Creed The Ezio Collection PS4, "Trilogía completa de Ezio Auditore remasterizada", Aventura, 0
Assassins Creed The Ezio Collection PS5, "Trilogía completa de Ezio Auditore remasterizada", Aventura, 0
Assassins Creed Valhalla PS4, "Aventura vikinga en la Inglaterra medieval", RPG, 0
Assassins Creed Valhalla PS5, "Aventura vikinga en la Inglaterra medieval", RPG, 0
Assassins Creed Mirage PS4, "Regreso a las raíces de sigilo en Bagdad", Aventura, 0
Assassins Creed Mirage PS5, "Regreso a las raíces de sigilo en Bagdad", Aventura, 0
Assassins Creed Odyssey PS4, "Épica aventura en la antigua Grecia", RPG, 0
Assassins Creed Odyssey PS5, "Épica aventura en la antigua Grecia", RPG, 0
Assassins Creed Odyssey PS4, "Épica aventura en la antigua Grecia con contenido extra", RPG, 0
Assassins Creed Odyssey PS5, "Épica aventura en la antigua Grecia con contenido extra", RPG, 0
Assassins Creed Origins PS4, "Explora el antiguo Egipto en los orígenes de la hermandad", RPG, 0
Assassins Creed Origins PS5, "Explora el antiguo Egipto en los orígenes de la hermandad", RPG, 0
Assassins Creed Syndicate PS4, "Aventura de asesinos en el Londres victoriano", Aventura, 0
Assassins Creed III Remastered PS4, "La revolución americana con gráficos mejorados", Aventura, 0
Assassins Creed III Remastered PS5, "La revolución americana con gráficos mejorados", Aventura, 0
Assassins Creed Unity PS4, "Revolución francesa con sigilo y parkour mejorado", Aventura, 0
Assassins Creed Unity PS5, "Revolución francesa con sigilo y parkour mejorado", Aventura, 0
Assassins Creed IV Black Flag PS4, "Piratas del Caribe con batallas navales épicas", Aventura, 0
Assassins Creed IV Black Flag PS5, "Piratas del Caribe con batallas navales épicas", Aventura, 0
Asseto Corsa Competizione PS4, "Simulador de carreras GT enfocado en realismo", Racing, 0
Asseto Corsa Competizione PS5, "Simulador de carreras GT enfocado en realismo", Racing, 0
Assetto Corsa PS4, "Simulador de conducción con física realista", Racing, 0
Assetto Corsa PS5, "Simulador de conducción con física realista", Racing, 0
ACE COMBAT 7 SKIES UNKNOWN TOP GUN Maverick Edition PS4, "Combate aéreo arcade con jets modernos", Arcade, 0
ACE COMBAT 7 SKIES UNKNOWN PS4, "Combate aéreo arcade con jets modernos", Arcade, 0
ACE COMBAT 7 SKIES UNKNOWN PS5, "Combate aéreo arcade con jets modernos", Arcade, 0
Avatar Frontiers of Pandora PS5, "Exploración del mundo de Pandora en primera persona", Aventura, 0
Balatro PS4, "Juego de accion en cartas", Tactico, 0
Balatro PS5, "Juego de accion en cartas", Tactico, 0
Bayonetta PS4, "Hack and slash de acción con combates espectaculares y estilo anime.", Accion, 0
Ben 10 PS4, "Juego de accion de BEN 10", Accion, 0
Ben 10 PS5, "Juego de accion de BEN 10", Accion, 0
Ben 10 Power Trip PS4, "Juego de accion de BEN 10", Accion, 0
Ben 10 Power Trip PS5, "Juego de accion de BEN 10", Accion, 0
Bus Simulator, "Simulador de conduccion de autobuses urbanos", Simulacion, 0
Bus Simulator 21 Next Stop PS4, "Simulador de conduccion de autobuses urbanos", Simulacion, 0
Bus Simulator 21 Next Stop PS5, "Simulador de conducción de autobuses urbanos", Simulación, 0
Borderlands The Handsome Collection PS4, "Shooter looter con millones de armas y humor", Shooter, 0
Borderlands The Handsome Collection PS5, "Shooter looter con millones de armas y humor", Shooter, 0
Borderlands 3 PS4, "Shooter looter con millones de armas y humor", Shooter, 0
Borderlands 3 PS5, "Shooter looter con millones de armas y humor", Shooter, 0
Borderlands 3 Next Level Bundle PS4, "Shooter looter con millones de armas y humor", Shooter, 0
Borderlands 3 Next Level Bundle PS5, "Shooter looter con millones de armas y humor", Shooter, 0
Batman Arkham Collection PS4, "Trilogía completa de Batman Arkham", Acción, 0
Batman Arkham Collection PS5, "Trilogía completa de Batman Arkham", Acción, 0
Batman Arkham Knight PS4, "Aventura final de Batman con Batimóvil jugable", Acción, 0
Batman Arkham Knight PS5, "Aventura final de Batman con Batimóvil jugable", Acción, 0
Batman Return to Arkham PS4, "Remasterización de Arkham Asylum y City", Acción, 0
Batman Return to Arkham PS5, "Remasterización de Arkham Asylum y City", Acción, 0
Battlefield Hardline PS4, "Battlefield enfocado en policías vs criminales", Shooter, 0
Battlefield Hardline PS5, "Battlefield enfocado en policías vs criminales", Shooter, 0
Battlefield 1 PS4, "Shooter de la Primera Guerra Mundial", Shooter, 0
Battlefield 1 PS5, "Shooter de la Primera Guerra Mundial", Shooter, 0
Battlefield 4 PS4, "Shooter militar moderno multijugador", Shooter, 0
Battlefield 4 PS5, "Shooter militar moderno multijugador", Shooter, 0
Battlefield 2042 PS4, "Shooter futurista con mapas masivos", Shooter, 0
Battlefield V PS4, "Segunda Guerra Mundial con todas las expansiones", Shooter, 0
Battlefield V Definitive Edition PS5, "Segunda Guerra Mundial con todas las expansiones", Shooter, 0
Battlefield 6 PS5, "La campaña para un jugador se ambienta entre 2027 y 2028, enfrentando a una OTAN fragmentada contra Pax Armata, una empresa militar privada", Shooter, 1
BioShock The Collection PS4, "Trilogía completa de BioShock remasterizada", Shooter, 0
BioShock The Collection PS5, "Trilogía completa de BioShock remasterizada", Shooter, 0
Back 4 Blood PS4, "Shooter cooperativo de zombies estilo Left 4 Dead", Shooter, 0
Back 4 Blood PS5, "Shooter cooperativo de zombies estilo Left 4 Dead", Shooter, 0
Bloodborne PS4, "Souls-like gótico con combate rápido y agresivo", RPG, 0
Bloodborne PS5, "Souls-like gótico con combate rápido y agresivo", RPG, 0
Blasphemous 2 PS4, "Metroidvania oscuro de acción y plataformas con temática religiosa.", Metroidvania, 0
Bratz Flaunt Your Fashion PS4, "Aventura casual de moda y exploración urbana.", Moda, 0
Bully PS4, "Aventura escolar de Rockstar con humor y travesuras", Aventura, 0
Bully PS5, "Aventura escolar de Rockstar con humor y travesuras", Aventura, 0
Black Myth Wukong PS5, "RPG de acción basado en la mitología china", RPG, 0
Castle Crashers Remastered PS4, "Beat ‘em up cooperativo con humor y estilo cartoon.", Cartoon, 0
Call of duty Black Ops III Zombies Edition PS4, "Shooter futurista enfocado en modo zombies", Shooter, 0
Call of duty Black Ops III Zombies Chronicles Edition PS4, "Shooter futurista enfocado en modo zombies", Shooter, 0
Call of duty Black Ops 3 PS5, "Shooter futurista enfocado en modo zombies", Shooter, 0
Call Of Duty Black Ops 4 PS4, "Shooter multijugador sin campaña individual", Shooter, 0
Call Of Duty Black Ops 4 PS5, "Shooter multijugador sin campaña individual", Shooter, 0
Call of Duty Black Ops 6 PS4, "Nueva entrega de la saga Black Ops", Shooter, 1
Call of Duty Black Ops 6 PS5, "Nueva entrega de la saga Black Ops", Shooter, 1
Call Of Duty Modern Warfare Remastered PS4, "Remasterización del clásico Modern Warfare", Shooter, 0
Call Of Duty Modern Warfare Remastered PS5, "Remasterización del clásico Modern Warfare", Shooter, 0
Call of Duty Modern Warfare 2 Campaign Remastered PS4, "Campaña remasterizada de MW2", Shooter, 0
Call of Duty Modern Warfare 2 Campaign Remastered PS5, "Campaña remasterizada de MW2", Shooter, 0
Call Of Duty WWII PS4, "Shooter de la Segunda Guerra Mundial", Shooter, 0
Call Of Duty WWII PS5, "Shooter de la Segunda Guerra Mundial", Shooter, 0
Call of Duty Advanced Warfare PS4, "Shooter futurista con exoesqueletos", Shooter, 0
Call of Duty Advanced Warfare PS5, "Shooter futurista con exoesqueletos", Shooter, 0
Call of Duty Black Ops Cold War PS4, "Shooter ambientado en la Guerra Fría", Shooter, 0
Call of Duty Black Ops Cold War PS5, "Shooter ambientado en la Guerra Fría", Shooter, 0
Call of Duty Infinite Warfare PS4, "Shooter con combate espacial y terrestre", Shooter, 0
Call of Duty Infinite Warfare PS5, "Shooter con combate espacial y terrestre", Shooter, 0
Call of Duty Modern Warfare II PS4, "Reinicio de la saga Modern Warfare", Shooter, 0
Call of Duty Modern Warfare II PS5, "Reinicio de la saga Modern Warfare", Shooter, 0
Call of Duty Modern Warfare III PS4, "Última entrega de la trilogía Modern Warfare", Shooter, 0
Call of Duty Modern Warfare III PS5, "Última entrega de la trilogía Modern Warfare", Shooter, 0
Call of Duty Modern Warfare PS4, "Reinicio de Modern Warfare en inglés", Shooter, 0
Call of Duty Modern Warfare PS5, "Reinicio de Modern Warfare en inglés", Shooter, 0
Call of Duty Ghosts PS4, "La saga de ghost en mexico", Shooter, 0
Call of Duty Ghosts PS5, "La saga de ghost en mexico", Shooter, 0
Call of Duty Vanguard PS4, "Shooter de la Segunda Guerra Mundial", Shooter, 0
Call of Duty Vanguard PS5, "Shooter de la Segunda Guerra Mundial", Shooter, 0
Car Mechanic Simulator PS4, "Simulador de reparación de automóviles", Simulación, 0
Car Mechanic Simulator PS5, "Simulador de reparación de automóviles", Simulación, 0
Car Mechanic Simulator 2021 PS4, "Simulador detallado de mecánica automotriz", Simulación, 0
Car Mechanic Simulator 2021 PS5, "Simulador detallado de mecánica automotriz", Simulación, 0
CARS 3 PS4, "Juego de carreras basado en la película Cars 3", Racing, 0
CARS 3 PS5, "Juego de carreras basado en la película Cars 3", Racing, 0
CARS 3 Driven to Win PS4, "Juego de carreras basado en la película Cars 3", Racing, 0
CARS 3 Driven to Win PS5, "Juego de carreras basado en la película Cars 3", Racing, 0
Crash Bandicoot Bundle N. Sane Trilogy + CTR Nitro Fueled PS4, "Remakes de Crash Bandicoot clásicos y carreras", Plataformas, 0
Crash Bandicoot Bundle N. Sane Trilogy + CTR Nitro Fueled PS5, "Remakes de Crash Bandicoot clásicos y carreras", Plataformas, 0
Crash Bandicoot Quadrilogy Bundle PS4, "Cuatro juegos de Crash Bandicoot", Plataformas, 0
Crash Bandicoot Quadrilogy Bundle Crash Trilogy + Crash 4 PS5, "Cuatro juegos de Crash Bandicoot", Plataformas, 0
Crash Bandicoot Crashiversary Bundle PS4, "Bundle con múltiples juegos de Crash", Plataformas, 0
Crash Bandicoot Crashiversary Bundle Crash Trilogy + Crash 4 + Crash Team Racing Nitro PS5, "Bundle con múltiples juegos de Crash", Plataformas, 0
Crash Team Racing Nitro Fueled + Spyro Game Bundle PS4, "Carreras de Crash y aventura de Spyro", Racing, 0
Crash Team Racing Nitro Fueled + Spyro Game Bundle PS5, "Carreras de Crash y aventura de Spyro", Racing, 0
Crash + Spyro Triple Play Bundle PS4, "Bundle con juegos de Crash y Spyro", Plataformas, 0
Crash + Spyro Triple Play Bundle PS5, "Bundle con juegos de Crash y Spyro", Plataformas, 0
Cuphead PS4, "Run and gun estilo cartoon de los años 30", Plataformas, 0
Cuphead & The Delicious Last Course PS4, "Run and gun estilo cartoon de los años 30", Plataformas, 0
Cuphead PS5, "Run and gun estilo cartoon de los años 30", Plataformas, 0
Cult of the Lamb PS4, "Roguelike de cultos con gestión de seguidores", Roguelike, 0
Cult of the Lamb PS5, "Roguelike de cultos con gestión de seguidores", Roguelike, 0
Captain Tsubasa Rise of New Champions PS4, "Juego de fútbol arcade basado en el anime", Deportes, 0
Captain Tsubasa Rise of New Champions PS5, "Juego de fútbol arcade basado en el anime", Deportes, 0
Cyberpunk 2077 PS4, "RPG futurista en Night City", RPG, 0
Cyberpunk 2077 PS5, "RPG futurista en Night City", RPG, 0
Cities Skylines Remastered PS4, "Simulador de construcción y gestión de ciudades.", Simulador, 0
Crysis Remastered Trilogy PS4, "Shooter de ciencia ficción con gráficos realistas y combate táctico.", Shooter, 0
Clair Obscur Expedition 33 PS5, "Juego por turnos de accion 3D", Shooter, 0
Control PS4, "aventura de acción sobrenatural en un edificio misterioso con poderes telequinéticos", Aventura, 0
Control PS5, "aventura de acción sobrenatural en un edificio misterioso con poderes telequinéticos", Aventura, 0
Dakar Desert Rally PS4, "Rally todoterreno en el desierto", Racing, 0
Dakar Desert Rally PS5, "Rally todoterreno en el desierto", Racing, 0
Dakar 18 PS4, "Simulador oficial del rally Dakar", Racing, 0
Dakar 18 PS5, "Simulador oficial del rally Dakar", Racing, 0
Day Z PS4, "Survival multijugador post apocalíptico con zombies", Supervivencia, 0
Day Z PS5, "Survival multijugador post apocalíptico con zombies", Supervivencia, 0
Dark Souls Remastered PS4, "Remasterización del clásico souls", RPG, 0
Dark Souls Remastered PS5, "Remasterización del clásico souls", RPG, 0
Devil May Cry 4 PS5, "Hack and slash con combos estilizados", Acción, 0
Days Gone PS4, "Aventura post apocalíptica con hordas de zombies", Aventura, 0
Days Gone PS5, "Aventura post apocalíptica con hordas de zombies", Aventura, 0
Devil May Cry 5 + Vergil PS4, "Hack and slash con combos estilizados", Acción, 0
Devil May Cry 5 Deluxe + Vergil PS4, "Hack and slash con combos estilizados", Acción, 0
Devil May Cry 5 + Vergil PS5, "Hack and slash con combos estilizados", Acción, 0
Devil May Cry HD Collection & 4SE Bundle PS4, "Colección de juegos clásicos de DMC", Acción, 0
Devil May Cry HD Collection & 4SE Bundle PS5, "Colección de juegos clásicos de DMC", Acción, 0
DMC4SE Demon Hunter Bundle PS4, "Acción frenética con combates estilizados y demonios", Accion, 0
Dishonored 2 PS4, "Juega a tu manera en un mundo en el que misticismo e industria están en conflicto.", Accion, 0
Dishonored 2 PS5, "Juega a tu manera en un mundo en el que misticismo e industria están en conflicto.", Accion, 0
Diablo IV PS4, "RPG de acción con loot y mazmorras", RPG, 0
Diablo IV PS5, "RPG de acción con loot y mazmorras", RPG, 0
Diablo Prime Evil Collection PS4, "Diablo 2 y 3 remasterizados", RPG, 0
Diablo Prime Evil Collection PS5, "Diablo 2 y 3 remasterizados", RPG, 0
Diablo III Eternal Collection PS4, "RPG hack and slash con todas las expansiones", RPG, 0
Diablo III Eternal Collection PS5, "RPG hack and slash con todas las expansiones", RPG, 0
Diablo III PS5, "RPG hack and slash con todas las expansiones", RPG, 0
DIRT 5 PS4, "Carreras todoterreno arcade", Racing, 0
DIRT 5 PS5, "Carreras todoterreno arcade", Racing, 0
DiRT Rally 2.0 PS4, "Simulador de rally realista", Racing, 0
DiRT Rally 2.0 PS5, "Simulador de rally realista", Racing, 0
DIRT 5 Year One Edition PS4, "Carreras todoterreno arcade", Racing, 0
DIRT 5 Year One Edition PS5, "Carreras todoterreno arcade", Racing, 0
Doom Eternal PS4, "Shooter frenético de demonios", Shooter, 0
Doom Eternal PS5, "Shooter frenético de demonios", Shooter, 0
DOOM PS4, "Reinicio del clásico shooter de demonios", Shooter, 0
DOOM PS5, "Reinicio del clásico shooter de demonios", Shooter, 0
DOOM Anthology PS4, "Colección de shooters infernales llenos de acción y velocidad", Shooter, 0
DRAGON BALL FIGHTER Z PS4, "Juego de lucha 2.5D de Dragon Ball", Lucha, 0
DRAGON BALL FIGHTER Z PS5, "Juego de lucha 2.5D de Dragon Ball", Lucha, 0
DRAGON BALL FighterZ FighterZ Edition PS4, "Juego de lucha 2.5D de Dragon Ball", Lucha, 0
DRAGON BALL FighterZ Legendary Edition PS4, "Combates espectaculares 2D con personajes de Dragon Ball", Lucha, 0
Dragon Ball Xenoverse PS4, "RPG de lucha de Dragon Ball con viajes en el tiempo", Lucha, 0
Dragon Ball Xenoverse PS5, "RPG de lucha de Dragon Ball con viajes en el tiempo", Lucha, 0
Dragon Ball Xenoverse Bundle PS4, "Dos juegos de Xenoverse en un paquete", Lucha, 0
Dragon Ball Xenoverse Bundle PS5, "Dos juegos de Xenoverse en un paquete", Lucha, 0
Dragon Ball Xenoverse 2 PS4, "Secuela mejorada con más personajes", Lucha, 0
Dragon Ball Xenoverse 2 PS5, "Secuela mejorada con más personajes", Lucha, 0
Dragon Ball Z Kakarot PS4, "RPG de acción que recrea la saga de Dragon Ball Z", RPG, 1
Dragon Ball Z Kakarot PS5, "RPG de acción que recrea la saga de Dragon Ball Z", RPG, 1
Dragon Age Inquisition Edition PS4, "RPG épico de fantasía donde liderás a la Inquisición para salvar el mundo de una brecha mágica.", RPG, 0
Dragon Age Inquisition Edition PS5, "RPG épico de fantasía donde liderás a la Inquisición para salvar el mundo de una brecha mágica.", RPG, 0
DRAGON BALL Sparking ZERO PS5, "Nueva generación de Budokai Tenkaichi", Lucha, 1
Detroit Become Human PS4, "Aventura narrativa sobre androides y humanidad", Aventura, 0
Detroit Become Human PS5, "Aventura narrativa sobre androides y humanidad", Aventura, 0
Dying Light Essentials Edition PS4, "Survival horror con parkour y zombies", Terror, 0
Dying Light Essentials Edition PS5, "Survival horror con parkour y zombies", Terror, 0
Dying Light Enhanced Edition PS4, "Survival horror con parkour y zombies", Terror, 0
Dying Light Enhanced Edition PS5, "Survival horror con parkour y zombies", Terror, 0
Dying Light 2 Stay Human PS4, "Secuela con mundo abierto y parkour mejorado", Terror, 0
Dying Light 2 Stay Human PS5, "Secuela con mundo abierto y parkour mejorado", Terror, 0
DEATH STRANDING PS4, "Juego de mundo abierto y accion", Accion, 0
DEATH STRANDING PS5, "Juego de mundo abierto y accion", Accion, 0
Demon Slayer The Hinokami Chronicles PS4, "Juego de lucha basado en el anime", Lucha, 0
Demon Slayer Kimetsu no Yaiba The Hinokami Chronicles PS4, "Peleas cinemáticas basadas en el anime de Kimetsu no Yaiba", Lucha, 0
Demon Slayer The Hinokami Chronicles PS5, "Juego de lucha basado en el anime", Lucha, 0
Dead by Daylight PS4, "Survival horror multijugador asimétrico", Terror, 0
Dead by Daylight PS5, "Survival horror multijugador asimétrico", Terror, 0
Dead Island Riptide Edition PS4, "Acción cooperativa contra zombies en isla tropical", Acción, 0
Dead Island Riptide Edition PS5, "Acción cooperativa contra zombies en isla tropical", Acción, 0
Descenders PS4, "Roguelike de descensos en bicicleta", Deportes, 0
Descenders PS5, "Roguelike de descensos en bicicleta", Deportes, 0
EA FC 26 PS4, "Próxima entrega de EA Sports FC", Deportes, 1
EA FC 26 PS5, "Próxima entrega de EA Sports FC", Deportes, 1
EA FC 25 PS4, "Simulador de fútbol de EA Sports", Deportes, 1
EA FC 25 PS5, "Simulador de fútbol de EA Sports", Deportes, 1
EA FC 24 PS4, "Simulador de fútbol de EA Sports", Deportes, 0
EA FC 24 PS5, "Simulador de fútbol de EA Sports", Deportes, 0
STAR WARS TRIPLE BUNDLE PS4, "Tres juegos de Star Wars de EA", Acción, 0
STAR WARS TRIPLE BUNDLE PS5, "Tres juegos de Star Wars de EA", Acción, 0
Elden Ring PS4, "RPG de mundo abierto de FromSoftware", RPG, 0
Elden Ring PS5, "RPG de mundo abierto de FromSoftware", RPG, 0
F1 25 PS5, "Simulador de formula 1", Racing, 0
F1 24 PS4, "Simulador oficial de Fórmula 1", Racing, 0
F1 24 PS5, "Simulador oficial de Fórmula 1", Racing, 0
F1 23 PS4, "Simulador oficial de Fórmula 1", Racing, 0
F1 23 PS5, "Simulador oficial de Fórmula 1", Racing, 0
Fallout 4 PS4, "RPG post apocalíptico con todas las expansiones", RPG, 0
Fallout 4: Game of the Year Edition PS5, "RPG post apocalíptico con todas las expansiones", RPG, 0
Fallout 4 PS5, "RPG post apocalíptico con todas las expansiones", RPG, 0
Fallout 4 Edition PS4, "RPG post apocalíptico con todas las expansiones", RPG, 0
Far Cry Primal PS4, "Survival en la edad de piedra", Acción, 0
Far Cry Primal PS5, "Survival en la edad de piedra", Acción, 0
Far Cry 3 PS4, "Clásico shooter en isla tropical", Shooter, 0
Far Cry 3 PS5, "Clásico shooter en isla tropical", Shooter, 0
Far Cry 3 Classic Edition PS4, "Clásico shooter en isla tropical", Shooter, 0
Far Cry 3 Classic Edition PS5, "Clásico shooter en isla tropical", Shooter, 0
Far Cry 4 PS4, "Shooter de mundo abierto en el Himalaya", Shooter, 0
Far Cry 4 PS5, "Shooter de mundo abierto en el Himalaya", Shooter, 0
Far Cry 5 PS4, "Shooter en Montana contra un culto", Shooter, 0
Far Cry 5 PS5, "Shooter en Montana contra un culto", Shooter, 0
FAR CRY 4 + FAR CRY PRIMAL BUNDLE PS4, "Dos aventuras de mundo abierto con acción y supervivencia", Aventura, 0
FAR CRY PRIMAL APEX EDITION PS4, "Acción en la prehistoria con caza y supervivencia en mundo abierto", Aventura, 0
Far cry 5 + Far cry New Dawn PS4, "Far Cry 5 y su secuela post apocalíptica", Shooter, 0
Far cry 5 + Far cry New Dawn PS5, "Far Cry 5 y su secuela post apocalíptica", Shooter, 0
Far Cry 5 + Far Cry New Dawn PS4, "Far Cry 5 y su secuela post apocalíptica", Shooter, 0
Far Cry New Dawn PS4, "Secuela post apocalíptica de Far Cry 5", Shooter, 0
Far Cry New Dawn PS5, "Secuela post apocalíptica de Far Cry 5", Shooter, 0
Far Cry 6 PS4, "Revolución en una isla caribeña ficticia", Shooter, 0
Far Cry 6 PS5, "Revolución en una isla caribeña ficticia", Shooter, 0
Farming Simulator 22 PS4, "Simulador de granja y agricultura", Simulación, 0
Farming Simulator 22 PS5, "Simulador de granja y agricultura", Simulación, 0
For Honor PS4, "Juego de lucha medieval multijugador", Acción, 0
For Honor PS5, "Juego de lucha medieval multijugador", Acción, 0
Five Nights at Freddy's Security Breach PS4, "Horror de supervivencia en pizzería con animatrónicos", Terror, 0
Five Nights at Freddy's Security Breach PS5, "Horror de supervivencia en pizzería con animatrónicos", Terror, 0
FINAL FANTASY VII REMAKE PS4, "Remake del clásico JRPG", RPG, 0
FINAL FANTASY VII REMAKE PS5, "Remake del clásico JRPG", RPG, 0
Grounded PS4, "Survival cooperativo donde eres del tamaño de una hormiga", Supervivencia, 0
Grounded PS5, "Survival cooperativo donde eres del tamaño de una hormiga", Supervivencia, 0
GreedFall PS4, "Aventura colonial con magia y diplomacia", RPG, 0
GreedFall PS5, "Aventura colonial con magia y diplomacia", RPG, 0
Gang Beasts PS4, "Juego de lucha party con física ragdoll", Party, 0
Gang Beasts PS5, "Juego de lucha party con física ragdoll", Party, 0
Ghost of Tsushima PS4, "Aventura samurái en Japón feudal", Aventura, 0
Ghost of Tsushima PS5, "Aventura samurái en Japón feudal", Aventura, 0
Ghost of Yotei PS5, "Aventura samurái en Japón feudal", Aventura, 1
God of war III Remastered PS4, "Remasterización de la épica conclusión griega", Acción, 0
God of war 3 Remasterd PS5, "Remasterización de la épica conclusión griega", Acción, 0
God Of War (2018) PS4, "Reinicio de la saga en mitología nórdica", Acción, 0
God Of War (2018) PS5, "Reinicio de la saga en mitología nórdica", Acción, 0
God Of War 4 Latino PS5, "Reinicio de la saga en mitología nórdica", Acción, 0
God of War Ragnarok PS4, "Secuela épica del Ragnarok nórdico", Acción, 1
God of War Ragnarok PS5, "Secuela épica del Ragnarok nórdico", Acción, 1
Gran turismo 7 PS4, "Simulador de conducción realista", Racing, 0
Gran turismo 7 PS5, "Simulador de conducción realista", Racing, 0
Goat Simulator PS4, "Simulador absurdo de cabra", Simulación, 0
Grand Theft Auto V PS4, "Mundo abierto criminal en Los Santos", Acción, 1
Grand Theft Auto V PS5, "Mundo abierto criminal en Los Santos", Acción, 1
GTA V PS4, "Mundo abierto criminal en Los Santos", Acción, 0
GTA V PS5, "Mundo abierto criminal en Los Santos", Acción, 0
GTA Trilogy The Definitive Edition PS4, "Trilogía remasterizada de GTA", Acción, 0
GTA Trilogy The Definitive Edition PS5, "Trilogía remasterizada de GTA", Acción, 0
Grand Theft Auto: The Trilogy – The Definitive Edition PS4, "Trilogía remasterizada de GTA", Acción, 0
Grand Theft Auto: The Trilogy – The Definitive Edition PS5, "Trilogía remasterizada de GTA", Acción, 0
Grid Legends PS4, "Carreras arcade con historia", Racing, 0
Grid Legends PS5, "Carreras arcade con historia", Racing, 0
Hazelight Bundle PS4, "Bundle de juegos de aventura para 2 jugadores", Aventura, 0
Hazelight Bundle PS5, "Bundle de juegos de aventura para 2 jugadores", Aventura, 0
Hello Neighbor 2 PS4, "Aventura de sigilo e infiltración donde investigás a tu misterioso vecino", Aventura, 0
Hitman HD Enhanced Collection PS4, "Colección remasterizada de Hitman", Sigilo, 0
Hitman HD Enhanced Collection PS5, "Colección remasterizada de Hitman", Sigilo, 0
Hunting Simulator 2 Elite Edition PS4, "Simulador de caza realista", Simulación, 0
Hunting Simulator 2 Elite Edition PS5, "Simulador de caza realista", Simulación, 0
Hunting Simulator 2 Bear Hunter Edition PS4, "Simulador de caza realista", Simulación, 0
Hunting Simulator 2 Bear Hunter Edition PS5, "Simulador de caza realista", Simulación, 0
Human Fall Flat PS4, "Puzzle cooperativo con física divertida", Puzzle, 0
Human Fall Flat PS5, "Puzzle cooperativo con física divertida", Puzzle, 0
HITMAN World of Assassination PS4, "Trilogía completa de Hitman con contenido extra", Sigilo, 0
HITMAN World of Assassination PS5, "Trilogía completa de Hitman con contenido extra", Sigilo, 0
HITMAN World of Assassination Part One PS4, "Primera parte de la trilogía World of Assassination", Sigilo, 0
HITMAN World of Assassination Part One PS5, "Primera parte de la trilogía World of Assassination", Sigilo, 0
High On Life PS4, "humor y armas parlantes en mundo alienígena", Shooter, 0
High On Life PS5, "humor y armas parlantes en mundo alienígena", Shooter, 0
Hogwarts Legacy PS4, "RPG en el mundo mágico de Harry Potter", RPG, 0
Hogwarts Legacy PS5, "RPG en el mundo mágico de Harry Potter", RPG, 0
HOT WHEELS UNLEASHED PS4, "carreras con pistas locas y coches de juguete", Racing, 0
HOT WHEELS UNLEASHED PS5, "carreras con pistas locas y coches de juguete", Racing, 0
Horizon Forbidden West PS4, "Secuela de Horizon en nuevas tierras", Aventura, 0
Horizon Forbidden West PS5, "Secuela de Horizon en nuevas tierras", Aventura, 0
Horizon Zero Dawn PS4, "Aventura post apocalíptica con máquinas dinosaurio", Aventura, 0
Horizon Zero Dawn PS5, "Aventura post apocalíptica con máquinas dinosaurio", Aventura, 0
Hollow Knight PS4, "Juego de accion y aventura tipo metroidvania", Aventura, 0
Hollow Knight PS5, "Juego de accion y aventura tipo metroidvania", Aventura, 0
Hollow Knight Voidheart Edition PS4, "Metroidvania desafiante con exploración y combate en un mundo subterráneo", Plataformas, 0
Hollow Knight Silksong PS4, "Juego de accion y aventura tipo metroidvania, continuacion del Hollow Knight" Aventura, 0
Hollow Knight Silksong PS5, "Juego de accion y aventura tipo metroidvania, continuacion del Hollow Knight" Aventura, 0
Infamous Second Son PS4, "Superhéroes con poderes elementales en Seattle", Acción, 0
Infamous Second Son PS5, "Superhéroes con poderes elementales en Seattle", Acción, 0
Injustice 2 PS4, "Juego de lucha de superhéroes DC", Lucha, 0
Injustice 2 PS5, "Juego de lucha de superhéroes DC", Lucha, 0
Injustice 2 Legendary Edition PS4, "Lucha entre héroes y villanos del universo DC", Lucha, 0
Injustice 2 - Legendary Edition Latino PS5, "Lucha entre héroes y villanos del universo DC", Lucha, 0
insurgency sandstorm PS4, "Shooter táctico realista", Shooter, 0
insurgency sandstorm PS5, "Shooter táctico realista", Shooter, 0
It takes Two PS4, "Aventura cooperativa para dos jugadores", Aventura, 0
It takes Two PS5, "Aventura cooperativa para dos jugadores", Aventura, 0
Just Cause 4 PS4, "Acción con destrucción masiva y física", Acción, 0
Just Cause 4 PS5, "Acción con destrucción masiva y física", Acción, 0
Just Cause 3 PS4, "Mundo abierto con caos y explosiones", Acción, 0
Just Cause 3 PS5, "Mundo abierto con caos y explosiones", Acción, 0
JoJos Bizarre Adventure All Star Battle R PS4, "Peleas estilizadas basadas en el anime JoJo’s Bizarre Adventure", Lucha, 0
Jurassic World Evolution PS4, "Simulador de gestión de parque de dinosaurios", Simulación, 0
Jurassic World Evolution PS5, "Simulador de gestión de parque de dinosaurios", Simulación, 0
Jurassic World Evolution 2 PS4, "Secuela mejorada del simulador de dinosaurios", Simulación, 0
Jurassic World Evolution 2 PS5, "Secuela mejorada del simulador de dinosaurios", Simulación, 0
Kingdom Come Deliverance PS4, "RPG realista ambientado en la Edad Media sin magia, centrado en combate y decisiones históricas.", RPG, 0
Kingdom Come Deliverance PS5, "RPG realista ambientado en la Edad Media sin magia, centrado en combate y decisiones históricas.", RPG, 0
KNACK PS4, "aventura de acción y plataformas donde controlás a un héroe hecho de reliquias que cambia de tamaño.", Aventura, 0
KNACK PS5, "aventura de acción y plataformas donde controlás a un héroe hecho de reliquias que cambia de tamaño.", Aventura, 0
L.A Noire PS4, "investigación de crímenes en los años 40", Aventura, 0
L.A Noire PS5, "investigación de crímenes en los años 40", Aventura, 0
LEGO Batman 3 Mas alla de Gotham PS4, "Aventura LEGO de Batman en el espacio", Aventura, 0
LEGO Batman 3 Beyond Gotham PS4, "Aventura LEGO de Batman en el espacio", Aventura, 0
LEGO Batman 3 Beyond Gotham PS5, "Aventura LEGO de Batman en el espacio", Aventura, 0
LEGO CITY Undercover PS4, "Mundo abierto LEGO estilo GTA", Aventura, 0
LEGO CITY Undercover PS5, "Mundo abierto LEGO estilo GTA", Aventura, 0
Lego Marvel Collection PS4, "Colección de juegos LEGO de Marvel", Aventura, 0
Lego Marvel Collection PS5, "Colección de juegos LEGO de Marvel", Aventura, 0
Lego Marvels Avengers PS4, "Aventura LEGO de los Vengadores", Aventura, 0
Lego Marvels Avengers PS5, "Aventura LEGO de los Vengadores", Aventura, 0
LEGO Marvel Super Heroes PS4, "Superhéroes de Marvel en versión LEGO", Aventura, 0
LEGO Marvel Super Heroes PS5, "Superhéroes de Marvel en versión LEGO", Aventura, 0
LEGO Marvel Super Heroes 2 PS4, "Secuela con más héroes y villanos Marvel", Aventura, 0
LEGO Marvel Super Heroes 2 PS5, "Secuela con más héroes y villanos Marvel", Aventura, 0
LEGO Batman 3 Ms all de Gotham Edicin Deluxe PS4, "Acción y puzzles con humor en el universo LEGO de DC", Aventura, 0
LEGO DC Super Villains Edicin Deluxe PS4, "Aventura humorística con los villanos más icónicos de DC", Aventura, 0
LEGO Worlds PS4, "Construcción y exploración en mundos abiertos hechos de LEGO", Aventura, 0
LEGO Star Wars The Skywalker Saga PS4, "Las nueve películas de Star Wars en LEGO", Aventura, 0
LEGO Star Wars The Skywalker Saga PS5, "Las nueve películas de Star Wars en LEGO", Aventura, 0
LEGO DC Super Villains PS4, "Juega como villanos de DC en LEGO", Aventura, 0
LEGO DC Super Villains PS5, "Juega como villanos de DC en LEGO", Aventura, 0
LEGO The Incredibles PS4, "Los Increíbles en versión LEGO", Aventura, 0
LEGO The Incredibles PS5, "Los Increíbles en versión LEGO", Aventura, 0
LEGO Jurassic World PS4, "Las películas de Jurassic Park en LEGO", Aventura, 0
LEGO The Hobbit PS4, "aventura humorística basada en las películas, con exploración, construcción y acción cooperativa.", Aventura, 0
Little Nightmares PS4, "Horror atmosférico de plataformas", Terror, 0
Little Nightmares PS5, "Horror atmosférico de plataformas", Terror, 0
Little Nightmares II PS4, "Secuela del horror de plataformas", Terror, 0
Little Nightmares II PS5, "Secuela del horror de plataformas", Terror, 0
Little Nightmares I y II PS4, "Dos juegos de Little Nightmares", Terror, 0
Little Nightmares I y II Bundle PS5, "Dos juegos de Little Nightmares", Terror, 0
LittleBigPlanet 3 PS4, "Plataformas creativo con editor de niveles", Plataformas, 0
LittleBigPlanet 3 PS5, "Plataformas creativo con editor de niveles", Plataformas, 0
LIMBO & INSIDE Bundle PS4, "dos aventuras oscuras y atmosféricas con puzles y narrativa visual profunda.", Aventura, 0
LIMBO & INSIDE Bundle PS5, "dos aventuras oscuras y atmosféricas con puzles y narrativa visual profunda.", Aventura, 0
Lost Judgment PS4, "thriller de acción e investigación donde resolvés crímenes combinando combates y trabajo detectivesco.", Accion, 0
Lost Judgment PS5, "thriller de acción e investigación donde resolvés crímenes combinando combates y trabajo detectivesco.", Accion, 0
Mad Max PS4, "Acción post apocalíptica en el desierto", Acción, 0
Mad Max PS5, "Acción post apocalíptica en el desierto", Acción, 0
MAFIA III PS4, "Crimen organizado en la Nueva Orleans de los 60", Acción, 0
MAFIA III PS5, "Crimen organizado en la Nueva Orleans de los 60", Acción, 0
Mafia II PS4, "Historia mafiosa en los años 40 y 50", Acción, 0
Mafia II PS5, "Historia mafiosa en los años 40 y 50", Acción, 0
Mafia Definitive Edition PS4, "Remake del primer Mafia", Acción, 0
Mafia Definitive Edition PS5, "Remake del primer Mafia", Acción, 0
Mafia Trilogy PS4, "Tres juegos de Mafia remasterizados", Acción, 0
Mafia Trilogy PS5, "Tres juegos de Mafia remasterizados", Acción, 0
Marvel vs. Capcom Infinite PS4, "juego de lucha que enfrenta héroes de Marvel y Capcom con combates dinámicos por parejas.", Lucha, 0
Marvel vs. Capcom Infinite PS5, "juego de lucha que enfrenta héroes de Marvel y Capcom con combates dinámicos por parejas.", Lucha, 0
Marvels Guardians of the Galaxy PS4, "Aventura de acción con los Guardianes", Aventura, 0
Marvels Guardians of the Galaxy PS5, "Aventura de acción con los Guardianes", Aventura, 0
Marvels Spider Man Edition PS4, "Aventura de superhéroes con combates y exploración en Nueva York", Aventura, 0
Mass Effect Andromeda Standard Recruit Edition PS4, "RPG espacial con exploración y decisiones narrativas", Rol, 0
Marvels Spider Man G.O.T.Y PS4, "Aventura del Hombre Araña en Nueva York", Acción, 0
MADiSON PS4, "Terror psicológico en primera persona con puzzles y sustos intensos", Terror, 0
Marvels Spider Man PS5, "Aventura del Hombre Araña en Nueva York", Acción, 0
Marvels Spider Man Miles Morales PS4, "Aventura de Miles Morales como Spider-Man", Acción, 0
Marvels Spider Man Miles Morales PS5, "Aventura de Miles Morales como Spider-Man", Acción, 0
Marvel's Spider Man 2 PS5, "Secuela con Peter y Miles juntos", Acción, 0
Maneater PS4, "RPG donde juegas como un tiburón", Acción, 0
Maneater PS5, "RPG donde juegas como un tiburón", Acción, 0
Metro 2033 Redux PS4, "Shooter post apocalíptico en el metro de Moscú", Shooter, 0
Metro 2033 Redux PS5, "Shooter post apocalíptico en el metro de Moscú", Shooter, 0
Metro Exodus PS4, "Aventura post apocalíptica con mundo semiabierto", Shooter, 0
Metro Exodus PS5, "Aventura post apocalíptica con mundo semiabierto", Shooter, 0
Metro Last Light Redux PS4, "Continuación de Metro 2033 remasterizada", Shooter, 0
Metro Last Light Redux PS5, "Continuación de Metro 2033 remasterizada", Shooter, 0
Metro Saga Bundle PS4, "Trilogía completa de Metro", Shooter, 0
Metro Saga Bundle PS5, "Trilogía completa de Metro", Shooter, 0
Middle earth Shadow of Mordor PS4, "Acción en el mundo de El Señor de los Anillos", Acción, 0
Middle earth Shadow of Mordor PS5, "Acción en el mundo de El Señor de los Anillos", Acción, 0
Middle earth Shadow of War Definitive Edition PS4, "Secuela épica en la Tierra Media", Acción, 0
Middle earth Shadow of War PS5, "Secuela épica en la Tierra Media", Acción, 0
Middle earth The Shadow Bundle PS4, "Dos juegos de Middle-earth", Acción, 0
Middle earth The Shadow Bundle PS5, "Dos juegos de Middle-earth", Acción, 0
Minecraft PS4, "Sandbox de construcción y supervivencia", Sandbox, 0
Minecraft PS5, "Sandbox de construcción y supervivencia", Sandbox, 0
MONSTER HUNTER WORLD PS4, "Caza de monstruos gigantes cooperativo", Acción, 0
Monster Energy Supercross The Official Videogame PS4, "Simulador oficial de supercross", Racing, 0
Monster Energy Supercross The Official Videogame PS5, "Simulador oficial de supercross", Racing, 0
Monster Energy Supercross The Official Videogame 5 PS4, "Quinta entrega del simulador de supercross", Racing, 0
Monster Energy Supercross The Official Videogame 5 PS5, "Quinta entrega del simulador de supercross", Racing, 0
Monster Energy Supercross The Official Videogame 6 PS4, "Sexta entrega del simulador de supercross", Racing, 0
Monster Energy Supercross The Official Videogame 6 PS5, "Sexta entrega del simulador de supercross", Racing, 0
Monster Hunter Rise PS4, "acción y caza cooperativa en un mundo lleno de monstruos gigantes y armas personalizables.", Caza, 0
Monster Hunter Rise PS5, "acción y caza cooperativa en un mundo lleno de monstruos gigantes y armas personalizables.", Caza, 0
Mortal Kombat 11 Audio Ingles PS5, "Juego de lucha brutal subtitulado", Lucha, 0
Mortal Kombat 11 Subtitulado PS4, "Juego de lucha brutal subtitulado", Lucha, 0
Mortal Kombat 11 Subtitulado PS5, "Juego de lucha brutal subtitulado", Lucha, 0
Mortal Kombat 11 Latino PS4, "Juego de lucha brutal en español latino", Lucha, 0
Mortal Kombat 11 Español Latino PS4, "Juego de lucha brutal en español latino", Lucha, 0
Mortal Kombat 11 Latino PS5, "Juego de lucha brutal en español latino", Lucha, 0
Mortal Kombat 11 Ultimate + Injustice 2 PS4, "Dos juegos de lucha de NetherRealm", Lucha, 0
Mortal Kombat 11 Ultimate + Injustice 2 PS5, "Dos juegos de lucha de NetherRealm", Lucha, 0
Mortal Kombat 11 Ultimate Latino PS4, "Edición definitiva de MK11 en español", Lucha, 1
Mortal Kombat 11 Ultimate Latino PS5, "Edición definitiva de MK11 en español", Lucha, 1
Mortal Kombat 11 Ultimate Subtitulado PS4, "Edición definitiva de MK11 subtitulada", Lucha, 0
Mortal Kombat 11 Ultimate Subtitulado PS5, "Edición definitiva de MK11 subtitulada", Lucha, 0
Mortal Kombat X PS4, "Décima entrega de la saga de lucha", Lucha, 0
Mortal Kombat X PS5, "Décima entrega de la saga de lucha", Lucha, 0
Mortal Kombat XL PS4, "Mortal Kombat X con todo el contenido", Lucha, 0
Mortal Kombat XL PS5, "Mortal Kombat X con todo el contenido", Lucha, 0
Mortal Kombat 1 PS5, "Reinicio de la saga Mortal Kombat", Lucha, 0
Mount & blade ii bannerlord PS4, "RPG medieval de batallas masivas", RPG, 0
Mount & blade ii bannerlord PS5, "RPG medieval de batallas masivas", RPG, 0
MudRunner PS4, "Simulador de conducción todoterreno extremo", Simulación, 0
MudRunner PS5, "Simulador de conducción todoterreno extremo", Simulación, 0
MotoGP25 PS5, "Simulador oficial de MotoGP", Racing, 0
MotoGP25 PS4, "Simulador oficial de MotoGP", Racing, 0
MotoGP24 PS4, "Simulador oficial de MotoGP", Racing, 0
MotoGP24 PS5, "Simulador oficial de MotoGP", Racing, 0
MotoGP21 PS4, "Simulador oficial de MotoGP", Racing, 0
MotoGP21 PS5, "Simulador oficial de MotoGP", Racing, 0
MotoGP22 PS4, "Simulador oficial de MotoGP", Racing, 0
MotoGP22 PS5, "Simulador oficial de MotoGP", Racing, 0
MotoGP23 PS4, "Simulador oficial de MotoGP", Racing, 0
MotoGP23 PS5, "Simulador oficial de MotoGP", Racing, 0
My Friend Peppa Pig PS4, "explora y juega con Peppa en su mundo", Infantil, 0
My Friend Peppa Pig PS5, "explora y juega con Peppa en su mundo", Infantil, 0
MY HERO ONES JUSTICE 2 PS4, "Peleas de anime con los héroes y villanos de My Hero Academia", Lucha, 0
MXGP 2020 The Official Motocross Videogame PS4, "Simulador oficial de motocross", Racing, 0
MXGP 2021 The Official Motocross Videogame PS4, "Simulador oficial de motocross", Racing, 0
MX vs ATV Legends PS4, "Carreras todoterreno arcade", Racing, 0
MX vs ATV Legends PS5, "Carreras todoterreno arcade", Racing, 0
NARUTO SHIPPUDEN Ultimate Ninja STORM 4 Road to Boruto PS4, "Juego de lucha de Naruto con expansión Boruto", Lucha, 0
NARUTO SHIPPUDEN Ultimate Ninja STORM 4 Road to Boruto PS5, "Juego de lucha de Naruto con expansión Boruto", Lucha, 0
NARUTO SHIPPUDEN Ultimate Ninja STORM 4 PS4, "Cuarta entrega de Ultimate Ninja Storm", Lucha, 0
NARUTO SHIPPUDEN Ultimate Ninja STORM 4 PS5, "Cuarta entrega de Ultimate Ninja Storm", Lucha, 0
NARUTO Ultimate Ninja STORM PS4, "Primera entrega de Ultimate Ninja Storm", Lucha, 0
NARUTO Ultimate Ninja STORM PS5, "Primera entrega de Ultimate Ninja Storm", Lucha, 0
NARUTO SHIPPUDEN Ultimate Ninja STORM Trilogy PS4, "Tres juegos de Naruto Storm", Lucha, 0
NARUTO SHIPPUDEN Ultimate Ninja STORM Trilogy PS5, "Tres juegos de Naruto Storm", Lucha, 0
NARUTO TO BORUTO SHINOBI STRIKER PS4, "Combates multijugador ninja en arenas 3D", Lucha, 0
NBA 2K24 PS4, "Simulador de baloncesto NBA", Deportes, 0
NBA 2K24 Baller Edition PS5, "Simulador de baloncesto NBA", Deportes, 0
NBA 2K25 PS4, "Simulador de baloncesto NBA", Deportes, 0
NBA 2K25 PS5, "Simulador de baloncesto NBA", Deportes, 0
NBA 2K26 PS4, "Simulador de baloncesto NBA", Deportes, 0
NBA 2K26 PS5, "Simulador de baloncesto NBA", Deportes, 0
Need For Speed PS4, "Carreras ilegales urbanas", Racing, 0
Need For Speed PS5, "Carreras ilegales urbanas", Racing, 0
Need For Speed Heat PS4, "Carreras diurnas y nocturnas ilegales", Racing, 1
Need For Speed Heat PS5, "Carreras diurnas y nocturnas ilegales", Racing, 1
Need For Speed Payback PS4, "Carreras con historia de venganza", Racing, 0
Need For Speed Payback PS5, "Carreras con historia de venganza", Racing, 0
Need For Speed Rivals PS4, "Carreras como corredor o policía", Racing, 0
Need For Speed Rivals PS5, "Carreras como corredor o policía", Racing, 0
Need for Speed Hot Pursuit Remastered PS4, "Remasterización del clásico Hot Pursuit", Racing, 0
Need for Speed Hot Pursuit Remastered PS5, "Remasterización del clásico Hot Pursuit", Racing, 0
NieR Automata PS4, "RPG de acción filosófico con androides", RPG, 0
NieR Automata PS5, "RPG de acción filosófico con androides", RPG, 0
NieR Replicant PS4, "Acción y narrativa emocional en un mundo postapocalíptico", Rol, 0
NieR Automata Game of the YoRHa Edition PS4, "Acción y filosofía en un mundo devastado por máquinas", Rol, 0
Nioh 2 PS4, "combates intensos con samuráis y demonios", Accion, 0
Nioh 2 PS5, "combates intensos con samuráis y demonios", Accion, 0
NINJA GAIDEN Master Collection PS4, "Colección de tres juegos de acción y ninjas extremadamente desafiantes con Ryu Hayabusa.", Accion, 0
NINJA GAIDEN Master Collection PS5, "Colección de tres juegos de acción y ninjas extremadamente desafiantes con Ryu Hayabusa.", Accion, 0
No Mans Sky PS4, "Exploración espacial procedural infinita", Aventura, 0
No Mans Sky PS5, "Exploración espacial procedural infinita", Aventura, 0
Outlast Bundle of Terror PS4, "Horror de supervivencia en primera persona", Terror, 0
Outlast Bundle of Terror PS5, "Horror de supervivencia en primera persona", Terror, 0
Outlast Trinity PS4, "Trilogía completa de Outlast", Terror, 0
Outlast Trinity PS5, "Trilogía completa de Outlast", Terror, 0
Outlast PS4, "Horror psicológico en un psiquiátrico", Terror, 0
Outlast PS5, "Horror psicológico en un psiquiátrico", Terror, 0
Olympic Games Tokyo 2020 The Official Video Game PS4, "Colección de disciplinas olímpicas en formato arcade", Deportes, 0
ONE PIECE PIRATE WARRIORS 4 Deluxe Edition PS4, "Musou de One Piece con personajes icónicos", Acción, 0
ONE PIECE PIRATE WARRIORS 4 Deluxe Edition PS5, "Musou de One Piece con personajes icónicos", Acción, 0
Overcooked! 2 PS4, "Juego cooperativo caótico de cocina", Party, 0
Overcooked! 2 PS5, "Juego cooperativo caótico de cocina", Party, 0
Overcooked! + Overcooked! 2 PS4, "Dos juegos de cocina cooperativa", Party, 0
Overcooked! + Overcooked! 2 PS5, "Dos juegos de cocina cooperativa", Party, 0
Overcooked! PS4, "Caos cooperativo en la cocina", Party, 0
Overcooked! PS5, "Caos cooperativo en la cocina", Party, 0
Outer Wilds PS4, "exploración espacial y misterios temporales", Aventura, 0
Outer Wilds PS5, "exploración espacial y misterios temporales", Aventura, 0
ONE PIECE ODYSSEY PS4, "Un juego de rol (JRPG) clásico de ONE PIECE con una historia original supervisada por Eiichiro Oda.", JRPG, 0
ONE PIECE ODYSSEY PS5, "Un juego de rol (JRPG) clásico de ONE PIECE con una historia original supervisada por Eiichiro Oda.", JRPG, 0
ONE PIECE World Seeker PS4, "Un juego de ONE PIECE de mundo abierto con un estilo de juego de acción y aventuras.", Aventura, 0
ONE PIECE World Seeker PS5, "Un juego de ONE PIECE de mundo abierto con un estilo de juego de acción y aventuras.", Aventura, 0
PAYDAY 2 PS4, "Shooter cooperativo de atracos", Shooter, 0
PAYDAY 2 PS5, "Shooter cooperativo de atracos", Shooter, 0
Paw Patrol On a Roll! PS4, "misiones simples con cachorros héroes", Infantil, 0
Paw Patrol On a Roll! PS5, "misiones simples con cachorros héroes", Infantil, 0
Persona 4 Golden PS4, "vida escolar y batallas en otro mundo", RPG, 0
Persona 4 Golden PS5, "vida escolar y batallas en otro mundo", RPG, 0
Persona 5 Royal PS4, "vida escolar y batallas en otro mundo", RPG, 0
Persona 5 Royal PS5, "vida escolar y batallas en otro mundo", RPG, 0
PAYDAY 2 CRIMEWAVE EDITION PS4, "Acción cooperativa centrada en atracos y planificación", Shooter, 0
Persona5 Strikers PS4, "Aventura RPG con combates en tiempo real y estética anime", Rol, 0
Plantas Vs Zombies Garden Warfare PS4, "Shooter multijugador de Plants vs Zombies", Shooter, 0
Plantas Vs Zombies Garden Warfare PS5, "Shooter multijugador de Plants vs Zombies", Shooter, 0
Plants vs. Zombies Garden Warfare 2 PS4, "Secuela del shooter de Plants vs Zombies", Shooter, 0
Plants vs. Zombies Garden Warfare 2 PS5, "Secuela del shooter de Plants vs Zombies", Shooter, 0
Plants vs Zombies Battle for Neighborville PS4, "Tercera entrega del shooter PvZ", Shooter, 0
Plants vs Zombies Battle for Neighborville PS5, "Tercera entrega del shooter PvZ", Shooter, 0
Poppy Playtime Captulo 1 PS4, "Juego de terror con puzzles en una fábrica de juguetes", Terror, 0
Poppy Playtime Captulo 2 PS4, "Segunda parte del terrorífico juego de puzzles en la fábrica", Terror, 0
Poppy Playtime Captulo 3 PS4, "Nueva entrega con más sustos y desafíos en la saga de terror", Terror, 0
Poppy Playtime Captulo 4 PS4, "Capítulo final del juego de terror de juguetes con atmósfera intensa", Terror, 0
Rayman Legends PS4, "Plataformas 2D con niveles musicales", Plataformas, 0
Rayman Legends PS5, "Plataformas 2D con niveles musicales", Plataformas, 0
Red Dead Redemption 2 Edicion Definitiva PS4, "Épica aventura del oeste salvaje", Aventura, 1
Red Dead Redemption 2 Edicion Definitiva PS5, "Épica aventura del oeste salvaje", Aventura, 1
Red Dead Redemption 2 PS4, "Épica aventura del oeste salvaje", Aventura, 1
Red Dead Redemption 2 PS5, "Épica aventura del oeste salvaje", Aventura, 1
Red Dead Redemption 1 PS4, "Clásico western de Rockstar", Aventura, 0
Red Dead Redemption 1 PS5, "Clásico western de Rockstar", Aventura, 0
Resident Evil Revelations 1 & 2 Bundle PS4, "Terror y acción con supervivencia y exploración", Terror, 0
RESIDENT EVIL REVELATIONS PS4, "Saga revelaciones de Resident Evil", Terror, 0
RESIDENT EVIL REVELATIONS PS5, "Saga revelaciones de Resident Evil", Terror, 0
RESIDENT EVIL 2 PS4, "Remake del clásico survival horror", Terror, 0
RESIDENT EVIL 2 PS5, "Remake del clásico survival horror", Terror, 0
RESIDENT EVIL 3 PS4, "Remake de Resident Evil 3 Nemesis", Terror, 0
RESIDENT EVIL 3 PS5, "Remake de Resident Evil 3 Nemesis", Terror, 0
Resident Evil 4 2005 PS4, "Versión clásica de RE4", Terror, 0
Resident Evil 4 2005 PS5, "Versión clásica de RE4", Terror, 0
Resident Evil 4 Remake PS4, "Remake moderno del clásico RE4", Terror, 1
Resident Evil 4 Remake PS5, "Remake moderno del clásico RE4", Terror, 1
Resident Evil 5 PS4, "Acción cooperativa contra infectados", Terror, 0
Resident Evil 5 PS5, "Acción cooperativa contra infectados", Terror, 0
Resident Evil 6 PS4, "Acción con múltiples campañas", Terror, 0
Resident Evil 6 PS5, "Acción con múltiples campañas", Terror, 0
RESIDENT EVIL 7 biohazard PS4, "Horror en primera persona en Louisiana", Terror, 0
RESIDENT EVIL 7 biohazard PS5, "Horror en primera persona en Louisiana", Terror, 0
Resident Evil Triple Pack PS4, "Tres juegos de Resident Evil clásicos", Terror, 0
Resident Evil Triple Pack PS5, "Tres juegos de Resident Evil clásicos", Terror, 0
Resident Evil Deluxe Origins Bundle PS4, "Colección de los clásicos survival horror de Resident Evil", Terror, 0
RACCOON CITY EDITION PS4, "Dos remakes de Resident Evil", Terror, 0
RACCOON CITY EDITION RE 2 + RE 3 PS5, "Dos remakes de Resident Evil", Terror, 0
Resident Evil Village Gold Edition PS4, "Horror de supervivencia en pueblo europeo", Terror, 0
Resident Evil Village Gold Edition PS5, "Horror de supervivencia en pueblo europeo", Terror, 0
Riders Republic PS4, "Deportes extremos en mundo abierto", Deportes, 0
Riders Republic PS5, "Deportes extremos en mundo abierto", Deportes, 0
Rise of the Tomb Raider PS4, "Aventura de exploración con Lara Croft", Aventura, 
Rise of the Tomb Raider 20 Year Celebration PS4, "Aventura y exploración con Lara Croft en ambientes hostiles", Aventura, 00
Rise of the Tomb Raider PS5, "Aventura de exploración con Lara Croft", Aventura, 0
RIDE 4 PS4, "Simulacion de conduccion en Moto", Simulacion, 0
RIDE 4 PS5, "Simulacion de conduccion en Moto", Simulacion, 0
Rugby 22 PS4, "Simulador de rugby", Deportes, 0
Rugby 22 PS5, "Simulador de rugby", Deportes, 0
Rugby 25 PS5, "Simulador de rugby", Deportes, 0
Street Fighter 6 PS4, "Nueva generación de juego de lucha", Lucha, 0
Street Fighter 6 PS5, "Nueva generación de juego de lucha", Lucha, 0
Street Fighter V PS4, "Juego de lucha competitivo", Lucha, 0
Street Fighter V PS5, "Juego de lucha competitivo", Lucha, 0
Slime Rancher PS4, "Aventura de granja con slimes adorables", Aventura, 0
Slime Rancher PS5, "Aventura de granja con slimes adorables", Aventura, 0
Sekiro Shadows Die Twice PS4, "Souls-like de samurais con sigilo", Acción, 0
Sekiro Shadows Die Twice PS5, "Souls-like de samurais con sigilo", Acción, 0
Sniper Elite 4 PS4, "Shooter táctico de francotiradores en Italia", Shooter, 0
Sniper Elite 4 PS5, "Shooter táctico de francotiradores en Italia", Shooter, 0
Sniper Elite 5 PS4, "Francotirador táctico en la Francia ocupada", Shooter, 0
Sniper Elite 5 PS5, "Francotirador táctico en la Francia ocupada", Shooter, 0
Sonic Mania PS4, "Sonic clásico 2D con niveles retro", Plataformas, 0
Sonic Mania PS5, "Sonic clásico 2D con niveles retro", Plataformas, 0
Sonic Colours Ultimate PS4, "Plataformas 3D de Sonic remasterizado", Plataformas, 0
Sonic Colours Ultimate PS5, "Plataformas 3D de Sonic remasterizado", Plataformas, 0
Sonic FORCES PS4, "Plataformas 3D de Sonic remasterizado", Plataformas, 0
Sonic FORCES PS5, "Plataformas 3D de Sonic remasterizado", Plataformas, 0
Sonic Colours Ultimate Deluxe PS4, "Plataformas colorido con alta velocidad y poderes especiales", Plataformas, 0
Sonic Origins PS4, "Compilación de los clásicos juegos de Sonic remasterizados", Plataformas, 0
Sonic Frontiers PS4, "Un juego de Sonic de mundo abierto que mezcla velocidad, exploración y combate en las Islas Starfall.", Plataformas, 0
Sonic Frontiers PS5, "Un juego de Sonic de mundo abierto que mezcla velocidad, exploración y combate en las Islas Starfall.", Plataformas, 0
South Park The Fractured but Whole PS4, "RPG de South Park con superhéroes", RPG, 0
South Park The Fractured but Whole PS5, "RPG de South Park con superhéroes", RPG, 0
South Park The Stick of Truth PS4, "RPG de South Park estilo fantasía", RPG, 0
South Park The Stick of Truth PS5, "RPG de South Park estilo fantasía", RPG, 0
South Park The Video Game Collection PS4, "Dos juegos de South Park", RPG, 0
South Park The Video Game Collection PS5, "Dos juegos de South Park", RPG, 0
South Park La Coleccin de Videojuegos PS4, "Dos juegos de South Park", RPG, 0
South Park La Coleccin de Videojuegos PS5, "Dos juegos de South Park", RPG, 0
SOULCALIBUR PS4, "Un juego de lucha con armas en 3D y un elenco de personajes únicos, conocido por sus etapas circulares y su modo historia.", Accion, 0
Shadow of the Colossus PS4, "Remake de lucha contra colosos gigantes", Aventura, 0
Shadow of the Colossus PS5, "Remake de lucha contra colosos gigantes", Aventura, 0
Shadow of the Tomb Raider Definitive Edition PS4, "Acción, sigilo y exploración en la jungla con Lara Croft", Aventura, 0
Skater XL PS4, "Simulador realista de skate con física avanzada", Deportes, 0
Sleeping Dogs Definitive Edition PS4, "Acción de mundo abierto en Hong Kong con artes marciales", Aventura, 0
STAR WARS Battlefront II PS4, "Shooter multijugador de Star Wars", Shooter, 0
STAR WARS Battlefront II Celebration Edition PS4, "Shooter multijugador ambientado en el universo de Star Wars", Shooter, 0
STAR WARS Battlefront II PS5, "Shooter multijugador de Star Wars", Shooter, 0
STAR WARS Jedi Fallen Order PS4, "Aventura de acción con Jedi", Aventura, 0
STAR WARS Jedi Fallen Order PS5, "Aventura de acción con Jedi", Aventura, 0
STAR WARS Jedi Survivor PS4, "Secuela de Jedi Fallen Order", Aventura, 0
Stranded Deep PS4, "Supervivencia en isla desierta", Supervivencia, 0
Stranded Deep PS5, "Supervivencia en isla desierta", Supervivencia, 0
Stray PS4, "gato explorando una ciudad cibernética", Aventura, 0
Stray PS5, "gato explorando una ciudad cibernética", Aventura, 0
Street Fighter 30th Anniversary Collection PS4, "Una colección de 12 juegos arcade clásicos de Street Fighter para celebrar su 30º aniversario.", Accion, 0
Street Fighter 30th Anniversary Collection PS5, "Una colección de 12 juegos arcade clásicos de Street Fighter para celebrar su 30º aniversario.", Accion, 0
SnowRunner PS4, "Simulador todoterreno extremo", Simulación, 0
SnowRunner PS5, "Simulador todoterreno extremo", Simulación, 0
SIFU PS4, "Beat em up de kung fu con envejecimiento", Acción, 0
SIFU PS5, "Beat em up de kung fu con envejecimiento", Acción, 0
Terraria PS4, "Sandbox 2D de exploración y construcción", Sandbox, 0
Terraria PS5, "Sandbox 2D de exploración y construcción", Sandbox, 0
Terraria PlayStation4 Edition PS4, "Sandbox 2D de exploración y construcción", Sandbox, 0
Titanfall 2 PS4, "Shooter con mechs y parkour", Shooter, 0
Titanfall 2 PS5, "Shooter con mechs y parkour", Shooter, 0
TEKKEN 7 PS4, "Juego de lucha 3D competitivo", Lucha, 0
TEKKEN 7 PS5, "Juego de lucha 3D competitivo", Lucha, 0
TEKKEN 7 Originals Edition PS4, "Edición especial de Tekken 7", Lucha, 0
TEKKEN 8 PS5, "Juego de lucha 3D competitivo", Lucha, 0
Tennis World Tour PS4, "Simulador de tenis profesional", Deportes, 0
Tennis World Tour PS5, "Simulador de tenis profesional", Deportes, 0
Teenage Mutant Ninja Turtles The Cowabunga Collection PS4, "Colección retro de juegos clásicos de las Tortugas Ninja", Lucha, 0
Telltale Batman Shadows Edition PS4, "Aventura narrativa con decisiones en el universo de Batman", Aventura, 0
The Last Guardian PS4, "Aventura emocional con puzzles y una criatura gigante aliada", Aventura, 0
The Outer Worlds PS4, "RPG de ciencia ficción con exploración espacial y decisiones morales", Rol, 0
The Outer Worlds Board Approved Bundle PS4, "Edición completa del RPG espacial con contenido adicional", Rol, 0
The Outer Worlds Spacers Choice Edition PS4, "Versión mejorada del RPG espacial con mejoras gráficas", Rol, 0
The LEGO Games Bundle PS4, "Pack con aventuras familiares de distintos juegos LEGO", Aventura, 0
The Crew 2 PS4, "Carreras de mundo abierto en Hawaii", Racing, 0
The Crew 2 PS5, "Carreras de mundo abierto en Hawaii", Racing, 0
The Crew Motorfest PS4, "Carreras de mundo abierto en Hawaii", Racing, 0
The Crew Motorfest PS5, "Carreras de mundo abierto en Hawaii", Racing, 0
The Walking Dead The Telltale Definitive Series PS4, "Serie completa narrativa de zombies", Aventura, 0
The Walking Dead The Telltale Definitive Series PS5, "Serie completa narrativa de zombies", Aventura, 0
The Warriors PS4, "Una versión para PS4 del clásico beat 'em up de Rockstar Games, basado en la película homónima, que combina lucha callejera, robos y supervivencia en bandas.", Pelea, 0
The Warriors PS5, "Una versión para PS4 del clásico beat 'em up de Rockstar Games, basado en la película homónima, que combina lucha callejera, robos y supervivencia en bandas.", Pelea, 0
The Division 2 PS4, "Shooter looter post apocalíptico", Shooter, 0
The Division 2 - Warlords of New York PS5, "Shooter looter post apocalíptico", Shooter, 0
The Evil Within 2 PS4, "Survival horror psicológico en español", Terror, 0
The Evil Within 2 PS5, "Survival horror psicológico en español", Terror, 0
The Callisto Protocol PS4, "Horror de ciencia ficción en prisión espacial", Terror, 0
The Callisto Protocol PS5, "Horror de ciencia ficción en prisión espacial", Terror, 0
The Evil Within PS4, "Horror de supervivencia del creador de Resident Evil", Terror, 0
The Evil Within PS5, "Horror de supervivencia del creador de Resident Evil", Terror, 0
The Witcher 3 Wild Hunt PS4, "RPG épico con Geralt de Rivia", RPG, 0
The Witcher 3 Wild Hunt PS5, "RPG épico con Geralt de Rivia", RPG, 0
The Elder Scrolls V Skyrim PS4, "RPG de fantasía con todo el contenido", RPG, 0
The Elder Scrolls V Skyrim PS5, "RPG de fantasía con todo el contenido", RPG, 0
The Elder Scrolls IV Oblivion Remastered PS5, "RPG de fantasía con todo el contenido", RPG, 0
The Forest PS4, "Survival horror cooperativo con caníbales", Supervivencia, 0
The Forest PS5, "Survival horror cooperativo con caníbales", Supervivencia, 0
The Quarry For PS4, "Horror narrativo con decisiones", Terror, 0
The Quarry For PS5, "Horror narrativo con decisiones", Terror, 0
The Escapists + The Escapists 2 PS4, "Simulador de escape de prisión", Estrategia, 0
The Escapists + The Escapists 2 PS5, "Simulador de escape de prisión", Estrategia, 0
The Last Of Us 2 PS4, "Secuela épica post apocalíptica", Aventura, 0
The Last of Us Part II PS5, "Remasterización de la secuela con mejoras", Aventura, 0
The Last of Us Part I PS5, "Remake completo del primer juego", Aventura, 0
The Last Of Us Remastered PS4, "Remasterización del clásico en español", Aventura, 0
The Texas Chain Saw Massacre PS4, "horror multijugador de supervivencia", Terror, 0
The Texas Chain Saw Massacre PS5, "horror multijugador de supervivencia", Terror, 0
The Walking Dead Destinies PS4, "Un juego de acción y aventura basado en la serie de TV The Walking Dead donde tus decisiones cambian la historia.", Terror, 0
The Walking Dead Destinies PS5, "Un juego de acción y aventura basado en la serie de TV The Walking Dead donde tus decisiones cambian la historia.", Terror, 0
TheHunter Call of the Wild PS4, "Simulador de caza realista", Simulación, 0
TheHunter Call of the Wild PS5, "Simulador de caza realista", Simulación, 0
Tomb Raider Definitive Edition PS4, "Reinicio de la saga con acción, exploración y supervivencia", Aventura, 0
Tom Clancy's Ghost Recon Wildlands PS4, "Shooter táctico de mundo abierto", Shooter, 0
Tom Clancy's Ghost Recon Wildlands PS5, "Shooter táctico de mundo abierto", Shooter, 0
Tom Clancy's Rainbow Six Extraction PS4, "Shooter cooperativo contra alienígenas", Shooter, 0
Tom Clancy's Rainbow Six Extraction PS5, "Shooter cooperativo contra alienígenas", Shooter, 0
Tom Clancy's Ghost Recon Breakpoint PS4, "Shooter táctico de supervivencia en español", Shooter, 0
Tom Clancy's Ghost Recon Breakpoint PS5, "Shooter táctico de supervivencia en español", Shooter, 0
Tom Clancy's Rainbow Six Siege PS4, "Shooter táctico competitivo", Shooter, 0
Tom Clancy's Rainbow Six Siege PS5, "Shooter táctico competitivo", Shooter, 0
Tomb Raider Trilogy PS4, "Trilogía completa de Lara Croft", Aventura, 0
Tomb Raider Trilogy PS5, "Trilogía completa de Lara Croft", Aventura, 0
Tomb Raider Definitive Survivor Trilogy PS4, "Trilogía completa de Lara Croft", Aventura, 0
Tomb Raider Definitive Survivor Trilogy PS5, "Trilogía completa de Lara Croft", Aventura, 0
Truck Driver PS4, "Simulador de conducción de camiones", Simulación, 0
Truck Driver PS5, "Simulador de conducción de camiones", Simulación, 0
Tony Hawk's Pro Skater 1 + 2 PS4, "Remakes de los clásicos de skateboard", Deportes, 0
Tony Hawk's Pro Skater 1 + 2 PS5, "Remakes de los clásicos de skateboard", Deportes, 0
THE KING OF FIGHTERS XV PS4, "Juego de lucha en equipo", Lucha, 0
THE KING OF FIGHTERS XV PS5, "Juego de lucha en equipo", Lucha, 0
UNCHARTED 4 A Thiefs End y UNCHARTED The Lost Legacy PS4, "Dos aventuras de Uncharted", Aventura, 0
UNCHARTED 4 A Thiefs End y UNCHARTED The Lost Legacy PS5, "Dos aventuras de Uncharted", Aventura, 0
Uncharted The Nathan Drake Collection PS4, "Trilogía de Uncharted remasterizada", Aventura, 0
Uncharted The Nathan Drake Collection PS5, "Trilogía de Uncharted remasterizada", Aventura, 0
Unravel Two PS4, "Plataformas cooperativo con yarn", Plataformas, 0
Unravel Two PS5, "Plataformas cooperativo con yarn", Plataformas, 0
Unravel 1 + 2 PS4, "Dos juegos de plataformas de Unravel", Plataformas, 0
Unravel 1 + 2 PS5, "Dos juegos de plataformas de Unravel", Plataformas, 0
Unravel Yarny Bundle PS4, "Dos juegos de plataformas de Unravel", Plataformas, 0
Unravel Yarny Bundle PS5, "Dos juegos de plataformas de Unravel", Plataformas, 0
ULTIMATE MARVEL VS. CAPCOM 3 PS4, "Lucha frenética entre héroes de Marvel y personajes de Capcom", Lucha, 0
Until Dawn PS4, "Horror interactivo con elecciones", Terror, 0
Until Dawn PS5, "Horror interactivo con elecciones", Terror, 0
UFC 5 PS5, "Simulador de artes marciales mixtas", Deportes, 0
Watch Dogs 1 + 2 PS4, "Dos juegos de hacking y mundo abierto", Acción, 0
Watch Dogs 1 + 2 PS5, "Dos juegos de hacking y mundo abierto", Acción, 0
Watch Dogs 2 PS4, "Hacking en San Francisco", Acción, 0
Watch Dogs 2 PS5, "Hacking en San Francisco", Acción, 0
Watch_Dogs PS4, "Watch Dogs con todo el contenido", Acción, 0
Watch_Dogs PS5, "Watch Dogs con todo el contenido", Acción, 0
Watch Dogs Legion PS4, "Hackea Londres con cualquier personaje", Acción, 0
Watch Dogs Legion PS5, "Hackea Londres con cualquier personaje", Acción, 0
World War Z Aftermath PS4, "Shooter cooperativo de zombies en hordas", Shooter, 0
World War Z PS4, "Shooter cooperativo basado en la película", Shooter, 0
WRC Generations The FIA WRC Official Game PS4, "Simulador oficial de rally WRC", Racing, 0
WRC Generations PS5, "Simulador oficial de rally WRC", Racing, 0
WRC 10 FIA World Rally Championship PS4, "Simulador oficial de rally WRC", Racing, 0
WRC 10 PS5, "WRC 10 con contenido adicional", Racing, 0
WRC Collection PS4, "Colección de juegos WRC", Racing, 0
WRC 7 FIA World Rally Championship PS4, "Simulador oficial de rally WRC", Racing, 0
WRC 7 PS5, "Simulador oficial de rally WRC", Racing, 0
WRC 8 FIA World Rally Championship PS4, "Simulador oficial de rally WRC", Racing, 0
WRC 8 PS5, "Simulador oficial de rally WRC", Racing, 0
WRC 9 FIA World Rally Championship PS4, "Simulador oficial de rally WRC", Racing, 0
WRC 9 PS5, "Simulador oficial de rally WRC", Racing, 0
WRC Generations Fully Loaded Edition PS4, "Simulador de rally con coches, circuitos y temporadas oficiales", Carreras, 0
WWE 2K23 PS4, "Simulador de lucha libre profesional", Deportes, 0
WWE 2K23 PS5, "Simulador de lucha libre profesional", Deportes, 0
WWE 2K24 PS4, "Simulador de lucha libre profesional", Deportes, 0
WWE 2K24 PS5, "Simulador de lucha libre profesional", Deportes, 0
WWE 2K25 PS4, "Simulador de lucha libre WWE", Deportes, 0
WWE 2K25 PS5, "Simulador de lucha libre WWE", Deportes, 0
Yakuza Like a Dragon Hero Edition PS4, "Un RPG por turnos con una nueva historia y protagonista en el universo de Yakuza, donde las "clases" se basan en trabajos absurdos.", RPG, 0
Yakuza Like a Dragon Hero Edition PS5, "Un RPG por turnos con una nueva historia y protagonista en el universo de Yakuza, donde las "clases" se basan en trabajos absurdos.", RPG, 0
Zombie Army 4 Dead War PS4, "Shooter cooperativo contra zombies nazis", Shooter, 0
Zombie Army 4 PS5, "Shooter cooperativo contra zombies nazis", Shooterle , 0

Bendy Studio Collection PS4, "Aventura de terror en una animación oscura y misteriosa.", terror, 0
Bendy and the Ink Machine PS4, "Aventura de terror en una animación oscura y misteriosa.", terror, 0
Chivalry 2 PS4, "Batallas medievales caóticas centradas en combate cuerpo a cuerpo.", acción, 0
DmC Devil May Cry Definitive Edition PS4, "Hack and slash frenético con combate estilizado.", acción, 0
Dragon Age Inquisition PS4, "RPG épico donde liderás una Inquisición contra fuerzas oscuras.", rol, 0
DYNASTY WARRIORS 9 PS4, "Acción masiva derrotando ejércitos enteros en mundo abierto.", acción, 0
DARK SOULS II Scholar of the First Sin PS4, "Desafiante RPG de acción con combates exigentes.", rol, 0
DARK SOULS III PS4, "Aventura oscura de alta dificultad y combate preciso.", rol, 0
Dead Island 2 PS4, "Supervivencia y acción matando zombis en un mundo vibrante.", acción, 0
Devil May Cry 4 PS4, "Hack and slash rápido con combos y personajes duales.", acción, 0
Devil May Cry HD Collection PS4, "Colección de acción clásica con combates estilizados.", acción, 0
Dragon Ball Xenoverse + Season Pass Bundle PS4, "Luchas y misiones temporales en el universo Dragon Ball.", lucha, 0
Dying Light Definitive Edition PS4, "Parkour y supervivencia zombi en mundo abierto.", acción, 0
FINAL FANTASY XV ROYAL EDITION PS4, "RPG de carretera con combate dinámico y mundo abierto.", rol, 0
Green Hell PS4, "Supervivencia extrema en la selva amazónica.", supervivencia, 0
Guilty Gear Strive PS4, "Lucha técnica con estilo anime y combates intensos.", lucha, 0
Just Cause 4 Reloaded PS4, "Acción explosiva en mundo abierto con caos total.", acción, 0
Kena Bridge of Spirits PS4, "Aventura emotiva con combates y exploración mágica.", aventura, 0
Kingdom Come Deliverance Royal Edition PS4, "RPG realista ambientado en la Edad Media.", rol, 0
LEGO Harry Potter Collection PS4, "Aventura familiar recreando la saga con humor LEGO.", aventura, 0
Lies of P PS4, "Soulslike oscuro inspirado en Pinocho con combate preciso.", acción, 0
Minecraft Legends PS4, "Estrategia ligera y acción en un mundo Minecraft.", estrategia, 0
Moving Out + Moving Out 2 Bundle PS4, "Coop caótico de mudanzas con física divertida.", simulación, 0
MudRunner American Wilds Edition PS4, "Conducción todoterreno extrema en terrenos difíciles.", simulación, 0
Mass Effect Legendary Edition PS4, "Trilogía RPG espacial centrada en historia y decisiones.", rol, 0
Overcooked! All You Can Eat PS4, "Caos cooperativo cocinando bajo presión.", fiesta, 0
Prince of Persia The Lost Crown PS4, "Metroidvania ágil con plataformeo y combate rápido.", aventura, 0
RIDE 3 PS4, "Simulación de carreras de motos con gran realismo.", carreras, 0
Sid Meiers Civilization VI PS4, "Estrategia por turnos construyendo imperios.", estrategia, 0
STAR WARS Squadrons PS4, "Combates espaciales en naves del universo Star Wars.", simulación, 0
Stardew Valley PS4, "Simulador de granja relajante con toques de RPG.", simulación, 0
The Evil Within Bundle PS4, "Terror psicológico con acción y criaturas grotescas.", terror, 0
THE KING OF FIGHTERS 2002 UNLIMITED MATCH PS4, "Clásico de lucha rápida y técnica.", lucha, 0
Tom Clancys The Division 2 PS4, "Shooter táctico en equipo en un mundo postcrisis.", acción, 0
Tom Clancys Ghost Recon Wildlands Year 2 PS4, "Acción táctica cooperativa en un mundo abierto.", acción, 0
TopSpin 2K25 PS4, "Simulación deportiva de tenis con control profundo.", deportes, 0
Tennis World Tour Legends Edition PS4, "Simulación de tenis con jugadores profesionales.", deportes, 0