JUEGOS;PRECIO
A Way Out;$11.500
A way out + It Takes Two;$ 15.500
ARK: Survival Evolved;$12.500
Assassin’s Creed® The Ezio Collection;$12.500
Alien: Isolation - THE COLLECTION;$ 9.500
Assassin's Creed® Rogue Remastered;$ 7.500
Assassin's Creed Triple Pack Black Flag Unity Syndicate;$ 16.500
Assassin's Creed Valhalla;$12.500
Assassin's Creed® Mirage;$15.500
Assassin's Creed® Odyssey ;$12.500
Assassin's Creed® Origins;$7.700
Assassin's Creed® Syndicate;$12.500
Assassin's Creed® III Remastered;$10.500
Assassin’s Creed® IV Black Flag™ Gold Edition;$12.500
Assassin's Creed® Unity;$ 7.500
Asseto Corsa Competizione;$7.700
Assetto Corsa;$7.700
ACE COMBAT™ 7: SKIES UNKNOWN;$10.500
Avatar: Frontiers of Pandora (PS5);$ 18.500
Among Us;$ 6.500
Borderlands 3 Next Level Bundle;$7.700
Batman: Arkham Collection (3X1);$7.700
Batman: Arkham Knight;$6.500
Batman: Return to Arkham  ;$6.500
Battlefield™ Hardline Ultimate Edition;$6.500
Battlefield 1;$6.500
Battlefield 4;$6.500
Battlefield 2042;$6.500
Battlefield V;$6.500
BioShock: The Collection;$ 10.500
Back 4 Blood Deluxe Edition;$ 6.500
Bloodborne;$ 10.500
Bully;$ 7.700
Bus Simulator 21;$ 14.500
Black Myth: Wukong (PS5);$ 30.500
Call of duty Black Ops III Zombies edition;$ 12.500
Call Of Duty Black Ops 4;$ 13.500
Call Of Duty Modern Warfare Remastered;$ 7.700
Call of Duty®: Modern Warfare® 2 Campaign Remastered;$ 6.500
Call Of Duty WWII;$ 12.500
Call of Duty: Advanced Warfare;$ 12.500
Call of Duty®: Black Ops Cold War;$ 13.500
Call of Duty®: Infinite Warfare;$14.500
Call of Duty®: Modern Warfare® II;$ 18.500
Call of Duty®: Modern Warfare® III;$ 20.500
Call of Duty®: Modern Warfare®;$14.500
Call of Duty®: Vanguard - Standard Edition ;$ 11.500
Call of Duty®: Black Ops 6;$ 30.500
Car Mechanic Simulator;$ 6.500
Car Mechanic Simulator 2021;$ 9.500
CARS 3: Driven to Win;$ 6.500
Crash Bandicoot Bundle - N. Sane Trilogy + CTR Nitro-Fueled;$ 10.500
Crash Bandicoot™ - Quadrilogy Bundle;$ 12.500
Crash Bandicoot™ - Crashiversary Bundle;$ 13.500
Crash Team Racing Nitro-Fueled + Spyro Game Bundle;$ 8.500
Crash™ + Spyro™ Triple Play Bundle;$ 12.500
Cuphead;$ 11.500
Captain Tsubasa: Rise of New Champions ;$ 10.500
Cult of the Lamb ;$ 11.500
Cyberpunk 2077;$ 17.500
Dakar 18;$ 9.500
Dakar Desert Rally;$ 14.500
Dark Souls Remastered;$ 14.500
Days Gone;$ 15.500
Day Z;$ 19.500
Devil May Cry 5 + Vergil  ;$ 7.700
Devil May Cry HD Collection & 4SE Bundle;$ 12.500
Devil May Cry 4 Special Edition;$ 9.500
Diablo IV;$ 18.500
Diablo® Prime Evil Collection;$ 7.700
Diablo III: Eternal Collection;$ 6.500
DIRT 5;$ 12.500
DiRT Rally 2.0;$ 12.500
Doom Eternal;$ 7.700
DOOM;$ 6.500
DRAGON BALL FIGHTER Z;$ 11.500
Dragon Ball Xenoverse;$ 6.500
Dragon Ball Xenoverse 2;$ 8.500
Dragon Ball Xenoverse 1 and 2 Bundle;$ 12.500
Dragon Ball Z Kakarot;$ 12.500
DRAGON BALL: Sparking! ZERO (PS5);$ 39.500
Detroit: Become Human;$ 11.500
Dying Light - Enhanced Edition;$ 6.500
Dying Light 2 Stay Human;$ 15.500
Demon Slayer -Kimetsu no Yaiba- The Hinokami Chronicles;$ 10.500
Dead by Daylight;$ 9.500
Dead Island: Riptide Definitive Edition;$ 6.500
Descenders;$ 8.500
EA FC 26;$ 35.500
EA FC 25;$ 17.500
EA FC 24;$ 11.500
EA STAR WARS™ TRIPLE BUNDLE;$ 8.500
Elden Ring;$ 20.500
F1® 24;$ 17.500
F1® 23;$ 12.500
Fallout 4: Game of the Year Edition;$ 9.500
Far Cry Primal;$ 9.500
Far Cry® 3 Classic Edition;$ 7.500
Far Cry 4;$ 7.500
Far Cry 5;$ 11.500
Far cry 5 + Far cry New Dawn;$ 13.500
Far Cry® New Dawn;$ 9.500
Far Cry 6;$ 8.500
Farming Simulator 22;$ 19.500
For Honor;$ 6.500
Five Nights at Freddy's Security Breach;$ 15.500
FINAL FANTASY VII REMAKE;$ 14.500
Grounded;$ 15.500
Gang Beasts;$ 10.500
Ghost of Yōtei PS5;$ 40.500
Ghost of Tsushima;$ 11.500
God of war III Remastered;$ 11.500
God Of War (2018);$ 13.500
God of War Ragnarök;$ 19.500
Gran turismo 7;$ 19.500
Goat Simulator;$ 6.500
Grand Theft Auto V;$ 15.700
Grand Theft Auto: The Trilogy – The Definitive Edition;$ 19.500
Grid Legends ;$ 6.500
Hitman HD Enhanced Collection;$ 14.500
Hunting Simulator 2;$ 7.500
Human: Fall Flat ;$ 7.500
HITMAN World of Assassination;$ 20.500
HITMAN World of Assassination Part One;$ 9.500
Hogwarts Legacy;$ 15.500
Horizon Forbidden West;$ 15.500
Horizon Zero Dawn™ Complete Edition;$ 13.500
Hollow Knight;$ 16.500
Infamous Second Son;$ 11.500
Injustice 2;$ 7.500
insurgency sandstorm;$ 15.500
It takes Two;$ 13.500
Just Cause 4 - Complete Edition;$ 10.500
Just Cause 3;$ 6.500
Jurassic World Evolution;$ 7.500
Jurassic World Evolution 2;$ 14.500
LEGO® Batman™ 3: Beyond Gotham;$ 5.500
LEGO® CITY Undercover;$ 5.500
Lego Marvel Collection;$ 7.500
Lego Marvels Avengers;$ 6.500
LEGO® Marvel Super Heroes;$ 6.500
LEGO® Marvel Super Heroes 2;$ 7.500
LEGO® Star Wars™: The Skywalker Saga;$ 11.500
LEGO®️ DC Super-Villains;$ 6.500
LEGO® The Incredibles;$ 7.500
LEGO® Jurassic World;$ 6.500
Little Nightmares;$ 8.500
Little Nightmares II;$ 10.500
Little Nightmares I y II;$ 14.500
LittleBigPlanet™ 3;$ 12.500
Mad Max;$ 6.500
MAFIA III Definitive Edition;$ 7.500
Mafia II;$ 7.500
Mafia: Definitive Edition;$ 7.500
Mafia: Trilogy;$ 9.500
Marvels Guardians of the Galaxy;$ 7.500
Marvels Spider-Man: Game of the Year Edition;$ 17.500
Marvels Spider-Man: Miles Morales;$ 18.500
Marvel’s Spider-Man 2 (PS5);$ 30.500
Maneater;$ 7.500
Metro 2033 Redux;$ 6.500
Metro Exodus;$ 7.500
Metro: Last Light Redux;$ 6.500
Metro Saga Bundle (3X1);$ 10.500
Middle-earth: Shadow of Mordor;$ 5.500
Middle-earth™: Shadow of War™ ;$ 6.500
Middle-earth™️: The Shadow Bundle (2X1);$ 8.500
Minecraft;$ 14.500
MONSTER HUNTER: WORLD;$ 9.500
Monster Energy Supercross - The Official Videogame;$ 5.500
Monster Energy Supercross - The Official Videogame 5;$ 6.500
Monster Energy Supercross - The Official Videogame 6;$ 7.500
Mortal Kombat 11 Subtitulado;$ 6.500
Mortal Kombat 11 Ultimate Subtitulado;$ 7.500
Mortal Kombat 11;$ 8.500
Mortal Kombat 11 Ultimate Latino;$ 9.700
Mortal Kombat X;$ 7.500
Mortal Kombat XL;$ 7.700
Mortal Kombat 1 (PS5);$ 19.500
Mount & blade ii bannerlord;$ 17.500
MudRunner;$ 5.500
MotoGP21;$ 5.500
MotoGP22;$ 6.500
MotoGP23;$ 7.500
MotoGP24;$ 8.500
MXGP 2020 The Official Motocross Videogame;$ 6.500
MXGP 2021 The Official Motocross Videogame ;$ 7.500
MX vs ATV Legends;$ 9.500
NARUTO SHIPPUDEN: Ultimate Ninja STORM 4 Road to Boruto;$ 16.500
NARUTO SHIPPUDEN: Ultimate Ninja STORM 4;$ 14.500
NARUTO SHIPPUDEN: Ultimate Ninja STORM Trilogy;$ 13.500
NARUTO: Ultimate Ninja STORM;$ 5.500
NBA 2K24;$ 11.500
NBA 2K25;$ 14.500
Need For Speed;$ 6.500
Need for Speed™ Heat;$ 7.500
Need For Speed Payback;$ 7.500
Need For Speed Rivals;$ 7.500
Need for Speed™ Hot Pursuit Remastered;$ 6.500
NieR: Automata Game of the YoRHa Edition ;$ 7.500
No Man's Sky ;$ 18.500
Outlast: Bundle of Terror;$ 9.500
Outlast: Trinity;$ 10.500
Outlast;$ 7.500
ONE PIECE: PIRATE WARRIORS 4;$ 12.500
Overcooked! 2 PS4;$ 7.500
Overcooked! + Overcooked! 2 (2X1);$ 9.500
Overcooked!;$ 6.500
PAYDAY 2;$ 7.500
Plantas Vs Zombies: Garden Warfare;$ 7.500
Plantas Vs Zombies: Garden Warfare 2;$ 8.500
Plants vs Zombies: Battle for Neighborville;$ 8.500
Rayman Legends;$ 7.500
Red Dead Redemption 2;$ 15.700
Red Dead Redemption 1;$ 19.500
RESIDENT EVIL 2;$ 10.500
RESIDENT EVIL 3;$ 10.500
Resident Evil 4 2005;$ 8.500
Resident Evil 4 Remake;$ 19.500
Resident Evil 5;$ 8.500
Resident Evil 6;$ 8.500
RESIDENT EVIL 7 biohazard;$ 10.500
Resident Evil Village;$ 11.500
Resident Evil Triple Pack;$ 15.500
RACCOON CITY EDITION;$ 13.500
Ride 4;$ 8.500
Riders Republic ;$ 9.500
Rise of the Tomb Raider: 20;$ 7.500
Rugby 22;$ 10.500
Street Fighter™ 6;$ 22.500
Street Fighter V;$ 10.500
Slime Rancher;$ 8.500
Sekiro™: Shadows Die Twice;$ 11.500
Sniper Elite 4;$ 9.500
Sniper Elite 5;$ 12.500
Sonic Mania;$ 11.500
Sonic Colours: Ultimate;$ 11.500
South Park™: The Fractured but Whole;$ 9.500
South Park™: The Stick of Truth;$ 8.500
South Park: The Video Game Collection;$ 11.500
Shadow of the Colossus;$ 12.500
STAR WARS Battlefront II;$ 6.500
STAR WARS Jedi: Fallen Order;$ 7.500
STAR WARS Jedi: Survivor;$ 17.500
Stranded Deep;$ 9.500
SnowRunner;$ 14.500
SIFU;$ 14.500
Terraria;$ 9.500
Titanfall 2;$ 7.500
TEKKEN 7;$ 7.500
Tennis World Tour Legends Edition;$ 6.500
The Crew™ Motorfest Standard Edition;$ 17.500
The Crew 2;$ 14.500
The Walking Dead: The Telltale Definitive Series;$ 13.500
The Division 2 - Warlords of New York - Ultimate Edition;$ 11.500
The Evil Within 2;$ 8.500
The Callisto Protocol;$ 12.500
The Evil Within;$ 8.500
The Witcher 3: Wild Hunt;$ 6.500
The Elder Scrolls V: Skyrim Anniversary Edition;$ 15.500
The Elder Scrolls V: Skyrim Special Edition;$ 11.500
The Forest;$ 7.500
The Quarry;$ 9.500
The Escapists + The Escapists 2;$ 8.500
The Last Of Us Part II;$ 19.500
The Last Of Us Remastered;$ 11.500
The Last of Us™ Part II Remastered PS5;$ 22.500
The Last of Us™ Part I Remastered PS5;$ 22.500
TheHunter: Call of the Wild;$ 10.500
Tom Clancy’s Ghost Recon® Wildlands;$ 6.500
Tom Clancy’s Rainbow Six® Extraction;$ 8.500
Tom Clancy's Ghost Recon® Breakpoint;$ 12.500
Tom Clancy's Rainbow Six® Siege;$ 8.500
Tomb Raider: Definitive Survivor Trilogy;$ 9.500
Truck Driver;$ 15.500
Tony Hawk's™ Pro Skater™ 1 + 2;$ 9.500
THE KING OF FIGHTERS XV;$ 8.500
UNCHARTED 4: A Thiefs End y UNCHARTED: The Lost Legacy (2X1);$ 13.500
Uncharted™: The Nathan Drake Collection (3X1);$ 12.500
Unravel Two;$ 5.500
Unravel 1 + 2;$ 6.500
Until Dawn;$ 11.500
UFC® 5 PS5;$ 19.500
Watch Dogs 1 + 2;$ 11.500
Watch Dogs 2;$ 8.500
Watch Dogs;$ 7.500
Watch Dogs: Legion;$ 10.500
World War Z: Aftermath;$ 13.500
World War Z;$ 13.500
WRC Generations;$ 12.500
WRC 10;$ 9.500
WRC Collection;$ 8.500
WRC 7 FIA World Rally Championship;$ 4.500
WRC 8 FIA World Rally Championship;$ 5.500
WRC 9 FIA World Rally Championship;$ 6.500
WWE 2K23;$ 14.500
WWE 2K24;$ 18.500
WWE 2K25;$ 30.500
Zombie Army 4: Dead War;$ 8.500
